USER,LEVEL,STATUS
sullof,22,EGG
silmarils,21,EGG
Herzog,18,EGG
PatrickWR,15,EGG
Francesco93,14,EGG
LukeKK,14,EGG
[SC] TheRock,14,EGG
Jacqueline,12,EGG
DankaShane,12,EGG
discovery17 | Divinity Cells,12,EGG
Flamewolf,11,EGG
chigity2,10,EGG
bumzhabum,10,EGG
Simba,9,EGG
Kritizen,9,EGG
laupau,9,EGG
craftyme60,9,EGG
KE2336,9,EGG
0x0ece,9,EGG
apap650q4h,8,EGG
Zkstax,8,ELIGIBLE
BECO,8,ELIGIBLE
Gjin pleetkul,8,EGG
Karline,7,EGG
TheBullsOfficial,7,EGG
Goose,7,EGG
Windtalker.ETH,7,EGG
Ariaxiz,7,ELIGIBLE
saldejummi,7,EGG
Calm__Fury,7,EGG
skidvis,7,EGG
Fergue,7,EGG
Dragon Farmer,7,ELIGIBLE
cryptoalfred - Andrea,7,EGG
ChigityK,7,EGG
Bentradin Onem,7,EGG
SplashAve,6,EGG
CulinaryJedi,6,EGG
Andykin Skywalker,6,EGG
KryptoMamma,6,EGG
AndrewHollywoods,6,EGG
Doc,6,EGG
[CN] Bambino Andino,6,EGG
cap1osmokaess,5,EGG
Thotimus Prime,5,EGG
MonkeyJoe,5,EGG
Mooj,5,EGG
[LaTR] 0xAlderaz.NFT | Associate,5,EGG
Scrumble,5,EGG
‚í∂‚ìô‚ìê‚ì® CryptozEuphoria,5,ELIGIBLE
JayCool,5,EGG
Mr.Bizz,5,EGG
Haydn,5,EGG
Naderi,5,EGG
Salvatore Montana,4,ELIGIBLE
mans,4,EGG
JennyMacGee,4,ELIGIBLE
Unisonico.eth,4,ELIGIBLE
Granitore,4,ELIGIBLE
yshao,4,EGG
Arsbi,4,EGG
GuardianBunny,4,ELIGIBLE
reedciccio,4,ELIGIBLE
Haijo,4,EGG
MCKhronic,4,EGG
[LaTR] ‚ò†Benni_NFT‚ò†,4,ELIGIBLE
LladnarLaer,4,EGG
savannah,4,EGG
ShortyLonghorn,4,EGG
JimChopper,4,EGG
Talent,4,EGG
Zeph,4,EGG
Ksiek,4,EGG
Arawen,4,EGG
Ultros,4,ELIGIBLE
lops0n,4,ELIGIBLE
Giuseppe Ciuni,4,EGG
BBorz,4,EGG
IrrElefant,4,EGG
SkyEnder7 - TheSolaVerse,4,EGG
Tubsambong,4,EGG
GreatMek0,4,EGG
Cyan,4,EGG
Claasz,4,ELIGIBLE
julienRT,4,EGG
AMG,4,ELIGIBLE
boredmomma,4,ELIGIBLE
Giuseppe Cardinale Ciccotti,4,ELIGIBLE
Lufino,4,EGG
KDRED,4,EGG
1Proof_fan,3,ELIGIBLE
ice crashy,3,ELIGIBLE
TheDogeBoyz-Klif,3,ELIGIBLE
SS-IceMan,3,ELIGIBLE
Davide,3,EGG
Neo-Human [NT],3,ELIGIBLE
glaslu | ZUG,3,ELIGIBLE
cryptojoe,3,EGG
TBA | Fable,3,EGG
!Demon151üêï,3,ELIGIBLE
HaniBeeSon,3,EGG
Toghsy,3,EGG
JFro,3,EGG
TiGeR,3,ELIGIBLE
Slumdog Shillionaire,3,ELIGIBLE
Xdutch,3,EGG
edinee,3,EGG
Peerless,3,ELIGIBLE
Zargo,3,ELIGIBLE
gabakimu,3,ELIGIBLE
happsdream,3,ELIGIBLE
Acts238,3,EGG
Dieter,3,ELIGIBLE
Knf-T,3,ELIGIBLE
BaiBorz | NT S2 Citizen 1924,3,ELIGIBLE
Shmoe,3,EGG
Sham,3,EGG
Keffy,3,EGG
NOILLIM,3,ELIGIBLE
Ryanxo,3,ELIGIBLE
VincentX,3,EGG
artad,3,ELIGIBLE
Supply&Demand,3,ELIGIBLE
ryan,3,ELIGIBLE
ChaosPixelOG,3,ELIGIBLE
Mana,3,EGG
oilsngrains,3,EGG
Leomne,3,EGG
KayTee,3,EGG
DickieJ,3,ELIGIBLE
TBA | Nick,3,ELIGIBLE
Nik0gda,3,EGG
GenerousGreen,3,EGG
MattL1,3,ELIGIBLE
MagBink,3,ELIGIBLE
Quvi,3,ELIGIBLE
n_vdw,3,ELIGIBLE
Miss Purple üíú,3,EGG
[CN] Sipmeister | Soldier,2,ELIGIBLE
jamojamo,2,EGG
umair_ahmed,2,ELIGIBLE
xia0pin9,2,ELIGIBLE
hobatss,2,EGG
√ÑD',2,EGG
Telchar,2,EGG
Yaezir,2,EGG
napvez,2,ELIGIBLE
FlyLikeADragon,2,ELIGIBLE
x LaTR] -= WB =-,2,EGG
Zhimplegal,2,ELIGIBLE
SandroVar,2,ELIGIBLE
Ein,2,ELIGIBLE
GrŒû2nTeaüçµ(+100% E2 Production),2,ELIGIBLE
LucidDreaming,2,EGG
KalliLinux,2,ELIGIBLE
nanashi,2,EGG
F3rg,2,ELIGIBLE
fLabber,2,ELIGIBLE
DrFax,2,EGG
Sherv,2,ELIGIBLE
donato,2,EGG
BeautyAndTheBeast,2,EGG
brain genius,2,ELIGIBLE
! Serphina | Worthy,2,ELIGIBLE
Legionz,2,ELIGIBLE
Cam | CatKing,2,ELIGIBLE
matthew_he,2,EGG
bullets4dinner‚ú® Shiny Shards,2,ELIGIBLE
Grendzki,2,ELIGIBLE
Claypppp,2,ELIGIBLE
wesefac689,2,EGG
Kitty Gang | YellowFish,2,ELIGIBLE
Anh,2,ELIGIBLE
Victoriapjüíéü§≤‚åö,2,ELIGIBLE
Mthanos,2,ELIGIBLE
thŒûmcpuss,2,ELIGIBLE
Molestorstallone,2,ELIGIBLE
MADPIE,2,ELIGIBLE
Zaidok,2,EGG
Mr V,2,ELIGIBLE
samuraii007,2,ELIGIBLE
K—è—ÉœÅ—ÇœÉc,2,ELIGIBLE
T–æmas,2,ELIGIBLE
Mr Roloskate,2,EGG
Madd_Dawg,2,EGG
TBA | Doobie,2,EGG
Madloes,2,ELIGIBLE
ProfessorNFT,2,EGG
Totz,2,EGG
12tones,2,ELIGIBLE
Merkl,2,ELIGIBLE
Ayden | BILLIONAIRE BUNKER,2,ELIGIBLE
harmo2k,2,EGG
Dinko Dinkov,2,EGG
Beadsman,2,ELIGIBLE
Chriss,2,ELIGIBLE
sgt leadbelly,2,ELIGIBLE
MrKrockett,2,EGG
PoorlyLeopard,2,EGG
$$Mikel$$,2,ELIGIBLE
AdriyansayhSaid,2,ELIGIBLE
lil –ö–∞–ª–∏–∫,2,ELIGIBLE
Nick S.,2,EGG
MarcS,2,EGG
AriaTala | Divinity Cell,2,EGG
PuddinDH,2,ELIGIBLE
| W«ù á…ê å«ù…πs«ùÍßÇ |,2,ELIGIBLE
rcappe,2,ELIGIBLE
